path,size,mtime,hash
C:\Users\burt_\Downloads\Am I Tempting You - Pornhubcom.mp4,4751927,1727207670.0382087,5cadb81da5bd48bac65da8d92221467a79454d254669f00a2470bd5bfa71961313ae3d302350da54b0f437d6a3d411eb2efd5802d7a20aa54fd501088357dec4
C:\Users\burt_\Downloads\Girl Milking Juicy Nipples Close up - Pornhubcom.mp4,4751927,1727229659.5205393,5cadb81da5bd48bac65da8d92221467a79454d254669f00a2470bd5bfa71961313ae3d302350da54b0f437d6a3d411eb2efd5802d7a20aa54fd501088357dec4
C:\Users\burt_\Downloads\Boob Physics - Pornhubcom.mp4,3960471,1727130146.1460683,fe01227fbe3cbb3c35fad37e262456d73ed94faa9d7717aa20302ded72749411b0d7218f36ed9d2ecdae9599b968a2311df4224d46bad32c39ec79da0adf7131
C:\Users\burt_\Downloads\Cute Curvy  Natural Blackgirl Enjoys High Level Submissive BDSM(Ful Video on Myclublink on Insta - Pornhubcom.mp4,3960471,1727208114.5644572,fe01227fbe3cbb3c35fad37e262456d73ed94faa9d7717aa20302ded72749411b0d7218f36ed9d2ecdae9599b968a2311df4224d46bad32c39ec79da0adf7131
C:\Users\burt_\Downloads\Full to Burst Leaking Squirting Lactating Tits - Pornhubcom.mp4,3960471,1727229618.113427,fe01227fbe3cbb3c35fad37e262456d73ed94faa9d7717aa20302ded72749411b0d7218f36ed9d2ecdae9599b968a2311df4224d46bad32c39ec79da0adf7131
C:\Users\burt_\Downloads\Shaking Big Tits on Cam - Pornhubcom.mp4,3960471,1727230816.606019,fe01227fbe3cbb3c35fad37e262456d73ed94faa9d7717aa20302ded72749411b0d7218f36ed9d2ecdae9599b968a2311df4224d46bad32c39ec79da0adf7131
C:\Users\burt_\Downloads\Bound plaything enjoyment - Upornia com (1).mp4,16195745,1758337097.2618551,6499a1947c82518704a03b0a51dcff22bd6cd0946f2bd4607399bdda0afe502af76660992fba01d492d632aa488afe781e82e31af4393b6712a9f2c9d24e5cba
C:\Users\burt_\Downloads\Bound plaything enjoyment - Upornia com.mp4,16195745,1758335818.2012708,6499a1947c82518704a03b0a51dcff22bd6cd0946f2bd4607399bdda0afe502af76660992fba01d492d632aa488afe781e82e31af4393b6712a9f2c9d24e5cba
C:\Users\burt_\Downloads\Do I have an Hourglass - Pornhubcom.mp4,5038257,1727207619.4210813,e0aa2fc06aceb3e6d494b3d42b25e81f5295e295acd63027e42a50a817db925ba349d6d466a36ae60789d7a5cfa1fca2a39076fdb6aab7aa14d991709d466d60
C:\Users\burt_\Downloads\Interrogation of Dezeray Vol 847 - Scene 2 - Pornhubcom.mp4,5038257,1727208718.426254,e0aa2fc06aceb3e6d494b3d42b25e81f5295e295acd63027e42a50a817db925ba349d6d466a36ae60789d7a5cfa1fca2a39076fdb6aab7aa14d991709d466d60
C:\Users\burt_\Downloads\Full Video - 4K Haley Hanks Loves To Wash Her Huge Tits In The Sink Take A Look  Pornhub.mp4,3974965,1727130367.1376963,2e931d0fb078dbc9cbd1715e6920fe8ff9031261cd194e33b4faa637d31a17dc1d363051dea15848bd7f31f9e926da46af36597553e1d77313a02b47b3f83948
C:\Users\burt_\Downloads\Shacking Big Natural Tits Bouncing Saggy Tits Horny MILF - Pornhubcom.mp4,3974965,1727229951.7992215,2e931d0fb078dbc9cbd1715e6920fe8ff9031261cd194e33b4faa637d31a17dc1d363051dea15848bd7f31f9e926da46af36597553e1d77313a02b47b3f83948
C:\Users\burt_\Downloads\Vacuum Pump for Long Nipples - Pornhubcom.mp4,3974965,1727228395.9417465,2e931d0fb078dbc9cbd1715e6920fe8ff9031261cd194e33b4faa637d31a17dc1d363051dea15848bd7f31f9e926da46af36597553e1d77313a02b47b3f83948
C:\Users\burt_\Downloads\Full Video - THE LESBIAN EXPERIENCE - ANNA BELL PEAKS DOMINATES ADRIA RAE  Pornhub.mp4,4776667,1727207527.8346405,23368a65208d9e14e9ac88f05d18b9f99e00f0b8affe4109e065ebed18c453af916160d500b45baaa4c9109871662163d2d8389bdf3e4488fad586af6de2ea90
C:\Users\burt_\Downloads\Sex with Huge Tits Lots of  two Orgasms - Pornhubcom.mp4,4776667,1727130305.1677935,23368a65208d9e14e9ac88f05d18b9f99e00f0b8affe4109e065ebed18c453af916160d500b45baaa4c9109871662163d2d8389bdf3e4488fad586af6de2ea90
C:\Users\burt_\Downloads\Leilani Gold wants to try Bondage Fuck with her Boyfriend 1 - Pornhubcom.mp4,4282958,1727130873.876711,41f4d462212bf1d5bad9a745380f286f0886098ddc2b8d3d816cef4c6de71d03f3d8fffcb0ebb7e8df691640550dc38b6e3b188818b9499fdd5ceac0ac033978
C:\Users\burt_\Downloads\Massaging my Big Natural Breast - Pornhubcom.mp4,4282958,1727130857.9067519,41f4d462212bf1d5bad9a745380f286f0886098ddc2b8d3d816cef4c6de71d03f3d8fffcb0ebb7e8df691640550dc38b6e3b188818b9499fdd5ceac0ac033978
C:\Users\burt_\Downloads\Red Fishnet Huge Boobs Clamps and Pegs - Pornhubcom.mp4,4282958,1727228740.3238413,41f4d462212bf1d5bad9a745380f286f0886098ddc2b8d3d816cef4c6de71d03f3d8fffcb0ebb7e8df691640550dc38b6e3b188818b9499fdd5ceac0ac033978
C:\Users\burt_\Downloads\Nude Aerobics Japanese Women Exercise Naked - CMNF - Bing video.mp4,53741815,1755430030.0826242,8680b89d37f85789bd5301dce2b3cc761aa98dc874fe255f5bb3bfd9b3d6f55fd542bf6983597b795ceb8a888ede58c3ad80c036443255a9f618f31d9384b755
C:\Users\burt_\Downloads\Rescued_video_ 2025-08-17 04_25.mp4,53741815,1755430368.3018682,8680b89d37f85789bd5301dce2b3cc761aa98dc874fe255f5bb3bfd9b3d6f55fd542bf6983597b795ceb8a888ede58c3ad80c036443255a9f618f31d9384b755
C:\Users\burt_\Downloads\Rescued_video_ 2025-08-17 04_43.mp4,459925339,1755431268.543614,095e08b5d39138e5182d4c42b25844bc76dc275bc7088037b847c22a566e1e5428b2c1ded2b6e367a897837d128a86cac6976ead8bd0ccd45efc14213840cc76
C:\Users\burt_\Downloads\The Best of TUTTI FRUTTI part 1 (90s strip show) - Bing video.mp4,459925339,1755431268.1337228,095e08b5d39138e5182d4c42b25844bc76dc275bc7088037b847c22a566e1e5428b2c1ded2b6e367a897837d128a86cac6976ead8bd0ccd45efc14213840cc76
